seed,config,scope,Accuracy,Precision,Recall,F1,ROC-AUC,PR-AUC
1,Exp9-config,AGGREGATE,0.7575357950263752,0.7811194653299917,0.7102164830991264,0.7439824945295405,0.8335999943208238,0.8401370129240258
1,Exp9-config,South Asia,0.7477477477477478,0.6785714285714286,0.5,0.5757575757575758,0.802451333813987,0.7334531350906313
1,Exp9-config,Africa,0.8333333333333334,0.75,0.5,0.6,0.8333333333333334,0.7785575048732943
1,Exp13-config,AGGREGATE,0.7554634513941221,0.7763975155279503,0.7121154576528674,0.7428684627575277,0.8349306963025014,0.84228230765085
1,Exp13-config,South Asia,0.7387387387387387,0.68,0.4473684210526316,0.5396825396825397,0.8125450612833452,0.7455660669822948
1,Exp13-config,Africa,0.875,0.8,0.6666666666666666,0.7272727272727273,0.8796296296296297,0.7973544973544973
7,Exp9-config,AGGREGATE,0.7434061793519217,0.748145255759469,0.7276870489935435,0.7377743550250289,0.8174647447387757,0.8296645735365616
7,Exp9-config,South Asia,0.7567567567567568,0.6774193548387096,0.5526315789473685,0.6086956521739131,0.7898341744772891,0.7271801187735373
7,Exp9-config,Africa,0.7916666666666666,0.6666666666666666,0.3333333333333333,0.4444444444444444,0.6851851851851851,0.5984459984459984
7,Exp13-config,AGGREGATE,0.7426525998492841,0.7450676982591876,0.7314849981010254,0.738213875047911,0.8190343980605614,0.8316006589732801
7,Exp13-config,South Asia,0.7387387387387387,0.6363636363636364,0.5526315789473685,0.5915492957746479,0.779379956741168,0.7160105175038632
7,Exp13-config,Africa,0.7916666666666666,0.6666666666666666,0.3333333333333333,0.4444444444444444,0.7592592592592593,0.6247086247086246
123,Exp9-config,AGGREGATE,0.7532027128862095,0.7555040556199305,0.7428788454234714,0.7491382612026044,0.835189098821216,0.8444936528712277
123,Exp9-config,South Asia,0.7657657657657657,0.7,0.5526315789473685,0.6176470588235294,0.8190338860850757,0.7467031014596276
123,Exp9-config,Africa,0.875,0.8,0.6666666666666666,0.7272727272727273,0.8425925925925926,0.7814814814814814
123,Exp13-config,AGGREGATE,0.753956292388847,0.7615293653921955,0.7337637675655146,0.7473887814313346,0.8355132378048564,0.8433313394494776
123,Exp13-config,South Asia,0.7747747747747747,0.7241379310344828,0.5526315789473685,0.6268656716417911,0.8309300648882479,0.7758947636664139
123,Exp13-config,Africa,0.7916666666666666,0.6,0.5,0.5454545454545454,0.8518518518518519,0.6644841269841271
2024,Exp9-config,AGGREGATE,0.7515071590052751,0.7742070116861436,0.7045195594379036,0.7377212169417379,0.8208921985865951,0.8320968100531747
2024,Exp9-config,South Asia,0.7657657657657657,0.7307692307692307,0.5,0.59375,0.7952415284787311,0.7323700990652608
2024,Exp9-config,Africa,0.8333333333333334,1.0,0.3333333333333333,0.5,0.6944444444444444,0.6234459984459985
2024,Exp13-config,AGGREGATE,0.7558402411454408,0.783142736128759,0.7022407899734143,0.7404885863035643,0.8308402696188918,0.8392344918005299
2024,Exp13-config,South Asia,0.7567567567567568,0.72,0.47368421052631576,0.5714285714285714,0.8244412400865178,0.7513713915424223
2024,Exp13-config,Africa,0.7916666666666666,0.6666666666666666,0.3333333333333333,0.4444444444444444,0.8240740740740742,0.6915616246498599
