Region,Baseline,Metric,P(SFTNN_better),P(SFTNN_worse),P(tie),n_paired_boot
AGGREGATE,Standard MLP (baseline),Accuracy,0.834,0.1505,0.015500000000000042,2000
AGGREGATE,Standard MLP (baseline),Precision,1.0,0.0,0.0,2000
AGGREGATE,Standard MLP (baseline),Recall,0.0,1.0,0.0,2000
AGGREGATE,Standard MLP (baseline),F1,0.312,0.688,0.0,2000
AGGREGATE,Standard MLP (baseline),ROC-AUC,0.9635,0.0365,-2.0816681711721685e-17,2000
AGGREGATE,Standard MLP (baseline),PR-AUC,0.403,0.597,0.0,2000
AGGREGATE,XGBoost (baseline),Accuracy,0.0115,0.988,0.000500000000000056,2000
AGGREGATE,XGBoost (baseline),Precision,0.0,1.0,0.0,2000
AGGREGATE,XGBoost (baseline),Recall,1.0,0.0,0.0,2000
AGGREGATE,XGBoost (baseline),F1,0.5495,0.4505,0.0,2000
AGGREGATE,XGBoost (baseline),ROC-AUC,0.008,0.992,0.0,2000
AGGREGATE,XGBoost (baseline),PR-AUC,0.0,1.0,0.0,2000
AGGREGATE,TabNet (baseline),Accuracy,0.4645,0.5115,0.02400000000000002,2000
AGGREGATE,TabNet (baseline),Precision,0.2095,0.7905,0.0,2000
AGGREGATE,TabNet (baseline),Recall,0.8945,0.096,0.009500000000000036,2000
AGGREGATE,TabNet (baseline),F1,0.6525,0.3475,5.551115123125783e-17,2000
AGGREGATE,TabNet (baseline),ROC-AUC,0.927,0.073,-4.163336342344337e-17,2000
AGGREGATE,TabNet (baseline),PR-AUC,0.0375,0.9625,0.0,2000
Africa,Standard MLP (baseline),Accuracy,0.399,0.4115,0.1895,2000
Africa,Standard MLP (baseline),Precision,0.106,0.7835,0.11050000000000004,2000
Africa,Standard MLP (baseline),Recall,0.876,0.0,0.124,2000
Africa,Standard MLP (baseline),F1,0.7615,0.1905,0.04800000000000004,2000
Africa,Standard MLP (baseline),ROC-AUC,0.9414707353676839,0.03751875937968985,0.021010505252626266,1999
Africa,Standard MLP (baseline),PR-AUC,0.959479739869935,0.022011005502751375,0.01850925462731367,1999
Africa,XGBoost (baseline),Accuracy,0.1675,0.606,0.22650000000000003,2000
Africa,XGBoost (baseline),Precision,0.0245,0.8555,0.12,2000
Africa,XGBoost (baseline),Recall,0.6365,0.0,0.36350000000000005,2000
Africa,XGBoost (baseline),F1,0.457,0.457,0.08599999999999991,2000
Africa,XGBoost (baseline),ROC-AUC,0.7553776888444222,0.11105552776388194,0.1335667833916958,1999
Africa,XGBoost (baseline),PR-AUC,0.7958979489744873,0.07053526763381691,0.1335667833916958,1999
Africa,TabNet (baseline),Accuracy,0.603,0.187,0.21000000000000002,2000
Africa,TabNet (baseline),Precision,0.425,0.3835,0.19149999999999995,2000
Africa,TabNet (baseline),Recall,0.876,0.0,0.124,2000
Africa,TabNet (baseline),F1,0.84,0.0975,0.06250000000000003,2000
Africa,TabNet (baseline),ROC-AUC,0.9864932466233116,0.0015007503751875938,0.012006003001500792,1999
Africa,TabNet (baseline),PR-AUC,0.9859929964982491,0.0,0.014007003501750881,1999
East Asia,Standard MLP (baseline),Accuracy,0.0755,0.8715,0.052999999999999936,2000
East Asia,Standard MLP (baseline),Precision,0.1805,0.817,0.0025000000000000577,2000
East Asia,Standard MLP (baseline),Recall,0.0,0.9925,0.007499999999999951,2000
East Asia,Standard MLP (baseline),F1,0.015,0.9845,0.0004999999999999449,2000
East Asia,Standard MLP (baseline),ROC-AUC,0.139,0.86,0.0010000000000000009,2000
East Asia,Standard MLP (baseline),PR-AUC,0.049,0.951,0.0,2000
East Asia,XGBoost (baseline),Accuracy,0.0405,0.94,0.019500000000000073,2000
East Asia,XGBoost (baseline),Precision,0.013,0.9865,0.0004999999999999449,2000
East Asia,XGBoost (baseline),Recall,0.818,0.112,0.07000000000000005,2000
East Asia,XGBoost (baseline),F1,0.293,0.7065,0.000500000000000056,2000
East Asia,XGBoost (baseline),ROC-AUC,0.0905,0.9095,0.0,2000
East Asia,XGBoost (baseline),PR-AUC,0.05,0.95,0.0,2000
East Asia,TabNet (baseline),Accuracy,0.2455,0.6795,0.07499999999999996,2000
East Asia,TabNet (baseline),Precision,0.2595,0.728,0.012499999999999956,2000
East Asia,TabNet (baseline),Recall,0.4205,0.418,0.16150000000000003,2000
East Asia,TabNet (baseline),F1,0.344,0.6435,0.012500000000000067,2000
East Asia,TabNet (baseline),ROC-AUC,0.5045,0.4955,5.551115123125783e-17,2000
East Asia,TabNet (baseline),PR-AUC,0.049,0.951,0.0,2000
Europe,Standard MLP (baseline),Accuracy,0.8345,0.1395,0.025999999999999968,2000
Europe,Standard MLP (baseline),Precision,0.9485,0.0505,0.000999999999999987,2000
Europe,Standard MLP (baseline),Recall,0.251,0.6835,0.0655,2000
Europe,Standard MLP (baseline),F1,0.673,0.326,0.0009999999999999454,2000
Europe,Standard MLP (baseline),ROC-AUC,0.9465,0.0535,-6.938893903907228e-18,2000
Europe,Standard MLP (baseline),PR-AUC,0.6045,0.3955,-5.551115123125783e-17,2000
Europe,XGBoost (baseline),Accuracy,0.026,0.966,0.008000000000000007,2000
Europe,XGBoost (baseline),Precision,0.0,1.0,0.0,2000
Europe,XGBoost (baseline),Recall,0.9955,0.004,0.0004999999999999484,2000
Europe,XGBoost (baseline),F1,0.4615,0.538,0.0004999999999999449,2000
Europe,XGBoost (baseline),ROC-AUC,0.127,0.873,0.0,2000
Europe,XGBoost (baseline),PR-AUC,0.0055,0.9945,0.0,2000
Europe,TabNet (baseline),Accuracy,0.5945,0.3725,0.032999999999999974,2000
Europe,TabNet (baseline),Precision,0.7535,0.2455,0.0010000000000000564,2000
Europe,TabNet (baseline),Recall,0.235,0.7125,0.05249999999999999,2000
Europe,TabNet (baseline),F1,0.4675,0.5315,0.0010000000000000009,2000
Europe,TabNet (baseline),ROC-AUC,0.563,0.437,5.551115123125783e-17,2000
Europe,TabNet (baseline),PR-AUC,0.065,0.935,0.0,2000
Latin America,Standard MLP (baseline),Accuracy,0.5745,0.305,0.1205,2000
Latin America,Standard MLP (baseline),Precision,0.8795,0.1145,0.006000000000000047,2000
Latin America,Standard MLP (baseline),Recall,0.0,0.96,0.040000000000000036,2000
Latin America,Standard MLP (baseline),F1,0.3365,0.653,0.010499999999999954,2000
Latin America,Standard MLP (baseline),ROC-AUC,0.036,0.964,0.0,2000
Latin America,Standard MLP (baseline),PR-AUC,0.0195,0.9805,0.0,2000
Latin America,XGBoost (baseline),Accuracy,0.184,0.5895,0.22650000000000003,2000
Latin America,XGBoost (baseline),Precision,0.596,0.34,0.064,2000
Latin America,XGBoost (baseline),Recall,0.0,0.861,0.139,2000
Latin America,XGBoost (baseline),F1,0.125,0.815,0.06000000000000005,2000
Latin America,XGBoost (baseline),ROC-AUC,0.021,0.9785,0.0004999999999999449,2000
Latin America,XGBoost (baseline),PR-AUC,0.002,0.998,0.0,2000
Latin America,TabNet (baseline),Accuracy,0.0995,0.7655,0.135,2000
Latin America,TabNet (baseline),Precision,0.045,0.906,0.04899999999999993,2000
Latin America,TabNet (baseline),Recall,0.3675,0.328,0.30450000000000005,2000
Latin America,TabNet (baseline),F1,0.2635,0.699,0.03749999999999998,2000
Latin America,TabNet (baseline),ROC-AUC,0.437,0.5625,0.0004999999999999449,2000
Latin America,TabNet (baseline),PR-AUC,0.2095,0.7905,0.0,2000
North America,Standard MLP (baseline),Accuracy,0.891,0.096,0.012999999999999984,2000
North America,Standard MLP (baseline),Precision,1.0,0.0,0.0,2000
North America,Standard MLP (baseline),Recall,0.0,1.0,0.0,2000
North America,Standard MLP (baseline),F1,0.4205,0.5795,0.0,2000
North America,Standard MLP (baseline),ROC-AUC,0.798,0.202,-5.551115123125783e-17,2000
North America,Standard MLP (baseline),PR-AUC,0.486,0.514,0.0,2000
North America,XGBoost (baseline),Accuracy,0.2755,0.7025,0.02199999999999991,2000
North America,XGBoost (baseline),Precision,0.0,1.0,0.0,2000
North America,XGBoost (baseline),Recall,1.0,0.0,0.0,2000
North America,XGBoost (baseline),F1,0.8365,0.1635,-2.7755575615628914e-17,2000
North America,XGBoost (baseline),ROC-AUC,0.0715,0.9285,0.0,2000
North America,XGBoost (baseline),PR-AUC,0.0055,0.9945,0.0,2000
North America,TabNet (baseline),Accuracy,0.6325,0.3315,0.03600000000000003,2000
North America,TabNet (baseline),Precision,0.278,0.722,0.0,2000
North America,TabNet (baseline),Recall,0.944,0.048,0.008000000000000049,2000
North America,TabNet (baseline),F1,0.7795,0.2205,2.7755575615628914e-17,2000
North America,TabNet (baseline),ROC-AUC,0.8815,0.1185,5.551115123125783e-17,2000
North America,TabNet (baseline),PR-AUC,0.235,0.765,0.0,2000
South Asia,Standard MLP (baseline),Accuracy,0.881,0.042,0.07699999999999999,2000
South Asia,Standard MLP (baseline),Precision,0.841,0.124,0.03500000000000003,2000
South Asia,Standard MLP (baseline),Recall,0.868,0.0,0.132,2000
South Asia,Standard MLP (baseline),F1,0.943,0.026,0.031000000000000052,2000
South Asia,Standard MLP (baseline),ROC-AUC,1.0,0.0,0.0,2000
South Asia,Standard MLP (baseline),PR-AUC,1.0,0.0,0.0,2000
South Asia,XGBoost (baseline),Accuracy,0.0555,0.894,0.05049999999999999,2000
South Asia,XGBoost (baseline),Precision,0.005,0.994,0.0010000000000000009,2000
South Asia,XGBoost (baseline),Recall,0.8735,0.0,0.12649999999999995,2000
South Asia,XGBoost (baseline),F1,0.3265,0.666,0.007499999999999951,2000
South Asia,XGBoost (baseline),ROC-AUC,0.41,0.588,0.002000000000000113,2000
South Asia,XGBoost (baseline),PR-AUC,0.4655,0.5345,0.0,2000
South Asia,TabNet (baseline),Accuracy,0.448,0.408,0.14400000000000007,2000
South Asia,TabNet (baseline),Precision,0.2015,0.789,0.009499999999999953,2000
South Asia,TabNet (baseline),Recall,0.9495,0.0,0.05049999999999999,2000
South Asia,TabNet (baseline),F1,0.8065,0.1845,0.009000000000000008,2000
South Asia,TabNet (baseline),ROC-AUC,0.992,0.008,6.938893903907228e-18,2000
South Asia,TabNet (baseline),PR-AUC,0.9945,0.0055,-5.0306980803327406e-17,2000
Southeast Asia,Standard MLP (baseline),Accuracy,0.0095,0.9685,0.02200000000000002,2000
Southeast Asia,Standard MLP (baseline),Precision,0.005,0.987,0.008000000000000007,2000
Southeast Asia,Standard MLP (baseline),Recall,0.096,0.779,0.125,2000
Southeast Asia,Standard MLP (baseline),F1,0.0375,0.9525,0.010000000000000009,2000
Southeast Asia,Standard MLP (baseline),ROC-AUC,0.23,0.7625,0.007500000000000062,2000
Southeast Asia,Standard MLP (baseline),PR-AUC,0.1935,0.8065,0.0,2000
Southeast Asia,XGBoost (baseline),Accuracy,0.073,0.8675,0.0595,2000
Southeast Asia,XGBoost (baseline),Precision,0.0125,0.985,0.0025000000000000577,2000
Southeast Asia,XGBoost (baseline),Recall,0.587,0.238,0.17500000000000004,2000
Southeast Asia,XGBoost (baseline),F1,0.279,0.717,0.0040000000000000036,2000
Southeast Asia,XGBoost (baseline),ROC-AUC,0.115,0.8835,0.0015000000000000568,2000
Southeast Asia,XGBoost (baseline),PR-AUC,0.135,0.865,0.0,2000
Southeast Asia,TabNet (baseline),Accuracy,0.026,0.9365,0.03749999999999998,2000
Southeast Asia,TabNet (baseline),Precision,0.029,0.962,0.009000000000000008,2000
Southeast Asia,TabNet (baseline),Recall,0.1885,0.6125,0.19899999999999995,2000
Southeast Asia,TabNet (baseline),F1,0.074,0.916,0.010000000000000009,2000
Southeast Asia,TabNet (baseline),ROC-AUC,0.159,0.8375,0.0034999999999999476,2000
Southeast Asia,TabNet (baseline),PR-AUC,0.1455,0.8545,0.0,2000
